id;title;designation;user_type;edu_qual;about_me;hobbies;aadhaar;dob;mobile;email;img_link;img;img_content_type;facebook_link;insta_link;twitter_link;linked_link;user_id
1;Dr;ASST_TEACHER_HINDI;Teaching;Functionality Haiti SCSI;Managed quantifying;Mouse User-centric Investment Account;Cambridgeshi;2022-03-02;bluetooth ;Nikko_Schaden@hotmail.com;copying AGP primary;../fake-data/blob/hipster.png;image/png;copy Unbranded Concrete Fish;Keyboard;Avon Money Market Account;superstructure deposit Bacon;1
2;Dr;ASST_TEACHER_MATHS;Non_Teaching;Rubber disintermediate Maine;cross-media generate array;Investor user-centric;South Dakota;2022-03-02;invoice El;Glennie58@yahoo.com;Orchard;../fake-data/blob/hipster.png;image/png;brand array Intelligent;Computer bi-directional cultivate;AI Kuwait;Investment Account feed EXE;2
3;Dr;ASST_TEACHER_KANNADA;Principal;View Drives;deposit;multi-tasking Michigan Visionary;data-warehou;2022-03-02;Yemeni Ria;Benton.Keebler3@hotmail.com;Towels Andorra Assistant;../fake-data/blob/hipster.png;image/png;transmit Soap;HDD Intranet Specialist;payment;iterate incubate Home;2
4;Mr;ASST_TEACHER_HINDI;Non_Teaching;web-enabled Producer;green;Tasty Wooden Towels solid state Point;Licensed Re-;2022-03-02;collaborat;Shanny24@gmail.com;interface reciprocal;../fake-data/blob/hipster.png;image/png;fuchsia Borders Slovenia;transmit Wisconsin collaboration;Berkshire sky blue;virtual Texas bypassing;1
5;Mr;ASST_TEACHER_HINDI;Teaching;Unbranded 24/7;Fresh;Central;index CovesX;2022-03-03;green Netw;Doris57@gmail.com;Soft back up Meadow;../fake-data/blob/hipster.png;image/png;6th generation;Licensed Steel Chicken;Usability Locks CSS;SDD brand invoice;2
6;Ms;ASST_TEACHER_MATHS;Group_D;virtual;CFA Franc BEAC;navigate;Arkansas sal;2022-03-03;card Custo;Casper_Jacobi@hotmail.com;Rustic Metal Chicken Delaware Baby;../fake-data/blob/hipster.png;image/png;input invoice;asymmetric hard drive;mobile;Personal Loan Account Turkish Lira Assistant;1
7;Dr;ASST_TEACHER_COMPUTER;Principal;synthesize Unbranded Creek;copying;Lead Point utilisation;redXXXXXXXXX;2022-03-02;Cambridges;Moses9@yahoo.com;e-commerce;../fake-data/blob/hipster.png;image/png;lavender Distributed;Cotton Shoes neutral;Bedfordshire Oregon program;Dynamic withdrawal Frozen;2
8;Dr;ASST_TEACHER_COMPUTER;Principal;Sleek Metal Keyboard;array;Developer;RielXXXXXXXX;2022-03-02;Bahamas na;Elmore_Powlowski96@yahoo.com;Automotive;../fake-data/blob/hipster.png;image/png;Yuan Renminbi Money Market Account;Bedfordshire Shoal Cotton;Money Market Account deposit;mindshare digital markets;1
9;Ms;ASST_TEACHER_ENGLISH;Group_D;complexity;alliance Fresh;invoice withdrawal;withdrawal L;2022-03-03;Engineer d;Ashlynn.Boyle@hotmail.com;reinvent Producer payment;../fake-data/blob/hipster.png;image/png;transmitting input;architectures Assurance Alabama;Unbranded;Ranch connect deploy;1
10;Ms;WARDEN;Principal;Tunnel multi-byte Hat;Bacon virtual Rand;Plastic multi-byte;Handcrafted ;2022-03-02;Avon Human;Sylvester_Gorczany@hotmail.com;Response Credit Card Account;../fake-data/blob/hipster.png;image/png;Malaysian Ringgit Agent;conglomeration exploit Centers;Tasty;Buckinghamshire;2
