id;title;first_name;last_name;mobile;email;designation;user_type;edu_qual;about_me;hobbies;aadhaar;dob;img_link;img;img_content_type;facebook_link;insta_link;twitter_link;linked_link;tenant_id
1;Dr;Arely;Dicki;Licensed M;Tyrese.Crist@gmail.com;ASST_TEACHER_MATHS;Principal;Gourde US Dollar Refined orange;Unbranded;Ball;Jewelery Gar;2022-05-03;tangible;../fake-data/blob/hipster.png;image/png;Chair static Sleek;navigate portals deliverables;Unbranded Soft Sausages architect;partnerships User-centric Alabama;tan Berkshire
2;Mr;Laila;Feest;Accountabi;Gunner10@gmail.com;ASST_TEACHER_KANNADA;Principal;Cambridgeshire panel;Way Small Fresh Shirt;Fully-configurable;BeautyXXXXXX;2022-05-03;Personal Loan Account Reactive bandwidth;../fake-data/blob/hipster.png;image/png;access executive intermediate;whiteboard Games;bypassing deposit;pixel quantifying heuristic;Health
3;Ms;Colten;Klocko;RAM multi-;Adan36@hotmail.com;PRINCIPAL;Principal;rich bandwidth;haptic schemas withdrawal;Concrete;Djibouti Fra;2022-05-03;override;../fake-data/blob/hipster.png;image/png;Indiana Producer;back up;Metal International Borders;Cambridgeshire applications Myanmar;blue sexy
4;Dr;Justina;Gleason;blackXXXXX;Monique29@gmail.com;ASST_TEACHER_KANNADA;Principal;Synchronised definition platforms;initiatives Borders;navigating deposit global;Agent Table ;2022-05-04;leverage regional Delaware;../fake-data/blob/hipster.png;image/png;Congo Tonga;Central;next-generation;e-tailers District Lead;Awesome
5;Dr;Celia;Koepp;repurpose ;Pauline12@yahoo.com;STAFF_NURSE;Group_D;Delaware Cliff actuating;Luxembourg Burkina Faso;customized;Avon Seamles;2022-05-03;grow JBOD;../fake-data/blob/hipster.png;image/png;Grove Berkshire;benchmark;redundant;Producer Nepal;De-engineered
6;Ms;Brendan;Beatty;Pennsylvan;Boyd50@gmail.com;ASST_TEACHER_ENGLISH;Group_D;alarm Profit-focused Developer;Generic Rubber systematic;real-time New Jersey Nigeria;Adaptive mid;2022-05-03;SDD;../fake-data/blob/hipster.png;image/png;azure;Operative transmitting salmon;United Arab Emirates intranet;intranet 24/365;Home Loan Account
7;Mr;Bradford;Klein;Corner Leo;Pete.Haley@hotmail.com;ASST_TEACHER_SOCIAL_SCIENCE;Non_Teaching;firewall PCI;Wyoming multi-byte Table;multi-byte Games;compressing ;2022-05-03;Guam Switchable web-readiness;../fake-data/blob/hipster.png;image/png;interface Accountability Awesome;Chief Movies Money Market Account;Markets;generating magnetic;Assistant Movies Manor
8;Dr;Kattie;Stark;Personal L;Lelia65@yahoo.com;WARDEN;Principal;New York;Manager Plains analyzer;compressing override;North Korean;2022-05-03;wireless Sleek Rubber Chicken;../fake-data/blob/hipster.png;image/png;Stream Sri Lanka Rupee Plastic;Security;Intranet Handcrafted;connecting;Computers Small Plastic Pizza
9;Mr;Darren;Wehner;invoice st;Adriana_Howell92@hotmail.com;ASST_TEACHER_DRAWING;Teaching;function;Malaysia International Chips;Analyst;systems impl;2022-05-03;auxiliary;../fake-data/blob/hipster.png;image/png;Advanced Small Steel Pizza;sticky web-readiness Berkshire;plum Mills Circles;Plastic;content
10;Dr;Makenzie;Deckow;paradigms ;Lilly.Lehner98@hotmail.com;SDA;Non_Teaching;Cotton reboot;synergies enhance Wisconsin;Liberia Beauty;Home Loan Ac;2022-05-03;Ville gold optical;../fake-data/blob/hipster.png;image/png;attitude Virtual invoice;Networked;hacking connect;utilize back-end;1080p bandwidth-monitored Sports
